tenant_id,tenant_name,tenant_email,tenant_phone_number
842,Stephen Love,colemandaniel@example.com,+1-776-424-3879x1101
295,Stephen Love,colemandaniel@example.com,+1-776-424-3879x1101
430,Stephen Love,colemandaniel@example.com,+1-776-424-3879x1101
851,Stephen Love,colemandaniel@example.com,+1-776-424-3879x1101
451,Stephen Love,colemandaniel@example.com,+1-776-424-3879x1101
265,Stephen Love,colemandaniel@example.com,+1-776-424-3879x1101
524,Stephen Love,colemandaniel@example.com,+1-776-424-3879x1101
750,Stephen Love,colemandaniel@example.com,+1-776-424-3879x1101
595,Stephen Love,colemandaniel@example.com,+1-776-424-3879x1101
8,Stephen Love,colemandaniel@example.com,+1-776-424-3879x1101
353,Stephen Love,colemandaniel@example.com,+1-776-424-3879x1101
79,Stephen Love,colemandaniel@example.com,+1-776-424-3879x1101
66,Stephen Love,colemandaniel@example.com,+1-776-424-3879x1101
701,Stephen Love,colemandaniel@example.com,+1-776-424-3879x1101
327,Stephen Love,colemandaniel@example.com,+1-776-424-3879x1101
382,Stephen Love,colemandaniel@example.com,+1-776-424-3879x1101
362,Stephen Love,colemandaniel@example.com,+1-776-424-3879x1101
40,Stephen Love,colemandaniel@example.com,+1-776-424-3879x1101
177,Stephen Love,colemandaniel@example.com,+1-776-424-3879x1101
736,Stephen Love,colemandaniel@example.com,+1-776-424-3879x1101
744,Stephen Love,colemandaniel@example.com,+1-776-424-3879x1101
975,Stephen Love,colemandaniel@example.com,+1-776-424-3879x1101
889,Stephen Love,colemandaniel@example.com,+1-776-424-3879x1101
316,Stephen Love,colemandaniel@example.com,+1-776-424-3879x1101
570,Stephen Love,colemandaniel@example.com,+1-776-424-3879x1101
63,Stephen Love,colemandaniel@example.com,+1-776-424-3879x1101
137,Stephen Love,colemandaniel@example.com,+1-776-424-3879x1101
807,Stephen Love,colemandaniel@example.com,+1-776-424-3879x1101
332,Stephen Love,colemandaniel@example.com,+1-776-424-3879x1101
173,Stephen Love,colemandaniel@example.com,+1-776-424-3879x1101
761,Stephen Love,colemandaniel@example.com,+1-776-424-3879x1101
259,Stephen Love,colemandaniel@example.com,+1-776-424-3879x1101
385,Stephen Love,colemandaniel@example.com,+1-776-424-3879x1101
423,Stephen Love,colemandaniel@example.com,+1-776-424-3879x1101
489,Stephen Love,colemandaniel@example.com,+1-776-424-3879x1101
377,Stephen Love,colemandaniel@example.com,+1-776-424-3879x1101
373,Stephen Love,colemandaniel@example.com,+1-776-424-3879x1101
528,Stephen Love,colemandaniel@example.com,+1-776-424-3879x1101
231,Stephen Love,colemandaniel@example.com,+1-776-424-3879x1101
656,Stephen Love,colemandaniel@example.com,+1-776-424-3879x1101
163,Stephen Love,colemandaniel@example.com,+1-776-424-3879x1101
334,Stephen Love,colemandaniel@example.com,+1-776-424-3879x1101
270,Stephen Love,colemandaniel@example.com,+1-776-424-3879x1101
565,Stephen Love,colemandaniel@example.com,+1-776-424-3879x1101
762,Stephen Love,colemandaniel@example.com,+1-776-424-3879x1101
912,Stephen Love,colemandaniel@example.com,+1-776-424-3879x1101
607,Stephen Love,colemandaniel@example.com,+1-776-424-3879x1101
445,Stephen Love,colemandaniel@example.com,+1-776-424-3879x1101
707,Stephen Love,colemandaniel@example.com,+1-776-424-3879x1101
109,Stephen Love,colemandaniel@example.com,+1-776-424-3879x1101
947,Stephen Love,colemandaniel@example.com,+1-776-424-3879x1101
743,Stephen Love,colemandaniel@example.com,+1-776-424-3879x1101
148,Stephen Love,colemandaniel@example.com,+1-776-424-3879x1101
203,Stephen Love,colemandaniel@example.com,+1-776-424-3879x1101
100,Stephen Love,colemandaniel@example.com,+1-776-424-3879x1101
573,Stephen Love,colemandaniel@example.com,+1-776-424-3879x1101
227,Stephen Love,colemandaniel@example.com,+1-776-424-3879x1101
850,Stephen Love,colemandaniel@example.com,+1-776-424-3879x1101
727,Stephen Love,colemandaniel@example.com,+1-776-424-3879x1101
469,Stephen Love,colemandaniel@example.com,+1-776-424-3879x1101
533,Stephen Love,colemandaniel@example.com,+1-776-424-3879x1101
124,Stephen Love,colemandaniel@example.com,+1-776-424-3879x1101
471,Stephen Love,colemandaniel@example.com,+1-776-424-3879x1101
133,Stephen Love,colemandaniel@example.com,+1-776-424-3879x1101
971,Stephen Love,colemandaniel@example.com,+1-776-424-3879x1101
62,Stephen Love,colemandaniel@example.com,+1-776-424-3879x1101
175,Stephen Love,colemandaniel@example.com,+1-776-424-3879x1101
368,Stephen Love,colemandaniel@example.com,+1-776-424-3879x1101
361,Stephen Love,colemandaniel@example.com,+1-776-424-3879x1101
534,Stephen Love,colemandaniel@example.com,+1-776-424-3879x1101
605,Stephen Love,colemandaniel@example.com,+1-776-424-3879x1101
976,Stephen Love,colemandaniel@example.com,+1-776-424-3879x1101
91,Stephen Love,colemandaniel@example.com,+1-776-424-3879x1101
293,Stephen Love,colemandaniel@example.com,+1-776-424-3879x1101
555,Stephen Love,colemandaniel@example.com,+1-776-424-3879x1101
582,Stephen Love,colemandaniel@example.com,+1-776-424-3879x1101
112,Stephen Love,colemandaniel@example.com,+1-776-424-3879x1101
878,Stephen Love,colemandaniel@example.com,+1-776-424-3879x1101
418,Stephen Love,colemandaniel@example.com,+1-776-424-3879x1101
487,Stephen Love,colemandaniel@example.com,+1-776-424-3879x1101
690,Stephen Love,colemandaniel@example.com,+1-776-424-3879x1101
15,Stephen Love,colemandaniel@example.com,+1-776-424-3879x1101
879,Stephen Love,colemandaniel@example.com,+1-776-424-3879x1101
240,Stephen Love,colemandaniel@example.com,+1-776-424-3879x1101
134,Stephen Love,colemandaniel@example.com,+1-776-424-3879x1101
110,Stephen Love,colemandaniel@example.com,+1-776-424-3879x1101
121,Stephen Love,colemandaniel@example.com,+1-776-424-3879x1101
305,Stephen Love,colemandaniel@example.com,+1-776-424-3879x1101
144,Stephen Love,colemandaniel@example.com,+1-776-424-3879x1101
2,Stephen Love,colemandaniel@example.com,+1-776-424-3879x1101
326,Stephen Love,colemandaniel@example.com,+1-776-424-3879x1101
788,Stephen Love,colemandaniel@example.com,+1-776-424-3879x1101
34,Stephen Love,colemandaniel@example.com,+1-776-424-3879x1101
493,Stephen Love,colemandaniel@example.com,+1-776-424-3879x1101
434,Stephen Love,colemandaniel@example.com,+1-776-424-3879x1101
569,Stephen Love,colemandaniel@example.com,+1-776-424-3879x1101
720,Stephen Love,colemandaniel@example.com,+1-776-424-3879x1101
16,Stephen Love,colemandaniel@example.com,+1-776-424-3879x1101
325,Stephen Love,colemandaniel@example.com,+1-776-424-3879x1101
641,Stephen Love,colemandaniel@example.com,+1-776-424-3879x1101
828,Stephen Love,colemandaniel@example.com,+1-776-424-3879x1101
213,Stephen Love,colemandaniel@example.com,+1-776-424-3879x1101
181,Stephen Love,colemandaniel@example.com,+1-776-424-3879x1101
603,Stephen Love,colemandaniel@example.com,+1-776-424-3879x1101
55,Stephen Love,colemandaniel@example.com,+1-776-424-3879x1101
668,Stephen Love,colemandaniel@example.com,+1-776-424-3879x1101
676,Stephen Love,colemandaniel@example.com,+1-776-424-3879x1101
416,Stephen Love,colemandaniel@example.com,+1-776-424-3879x1101
101,Stephen Love,colemandaniel@example.com,+1-776-424-3879x1101
855,Stephen Love,colemandaniel@example.com,+1-776-424-3879x1101
374,Stephen Love,colemandaniel@example.com,+1-776-424-3879x1101
192,Stephen Love,colemandaniel@example.com,+1-776-424-3879x1101
840,Stephen Love,colemandaniel@example.com,+1-776-424-3879x1101
486,Stephen Love,colemandaniel@example.com,+1-776-424-3879x1101
872,Stephen Love,colemandaniel@example.com,+1-776-424-3879x1101
119,Stephen Love,colemandaniel@example.com,+1-776-424-3879x1101
716,Stephen Love,colemandaniel@example.com,+1-776-424-3879x1101
635,Stephen Love,colemandaniel@example.com,+1-776-424-3879x1101
525,Stephen Love,colemandaniel@example.com,+1-776-424-3879x1101
404,Stephen Love,colemandaniel@example.com,+1-776-424-3879x1101
178,Stephen Love,colemandaniel@example.com,+1-776-424-3879x1101
623,Stephen Love,colemandaniel@example.com,+1-776-424-3879x1101
888,Stephen Love,colemandaniel@example.com,+1-776-424-3879x1101
154,Stephen Love,colemandaniel@example.com,+1-776-424-3879x1101
519,Stephen Love,colemandaniel@example.com,+1-776-424-3879x1101
64,Stephen Love,colemandaniel@example.com,+1-776-424-3879x1101
205,Stephen Love,colemandaniel@example.com,+1-776-424-3879x1101
599,Stephen Love,colemandaniel@example.com,+1-776-424-3879x1101
317,Stephen Love,colemandaniel@example.com,+1-776-424-3879x1101
268,Stephen Love,colemandaniel@example.com,+1-776-424-3879x1101
4,Stephen Love,colemandaniel@example.com,+1-776-424-3879x1101
17,Stephen Love,colemandaniel@example.com,+1-776-424-3879x1101
98,Stephen Love,colemandaniel@example.com,+1-776-424-3879x1101
783,Stephen Love,colemandaniel@example.com,+1-776-424-3879x1101
870,Stephen Love,colemandaniel@example.com,+1-776-424-3879x1101
615,Stephen Love,colemandaniel@example.com,+1-776-424-3879x1101
328,Stephen Love,colemandaniel@example.com,+1-776-424-3879x1101
176,Stephen Love,colemandaniel@example.com,+1-776-424-3879x1101
774,Stephen Love,colemandaniel@example.com,+1-776-424-3879x1101
644,Stephen Love,colemandaniel@example.com,+1-776-424-3879x1101
376,Stephen Love,colemandaniel@example.com,+1-776-424-3879x1101
129,Stephen Love,colemandaniel@example.com,+1-776-424-3879x1101
951,Stephen Love,colemandaniel@example.com,+1-776-424-3879x1101
11,Stephen Love,colemandaniel@example.com,+1-776-424-3879x1101
757,Stephen Love,colemandaniel@example.com,+1-776-424-3879x1101
94,Stephen Love,colemandaniel@example.com,+1-776-424-3879x1101
918,Stephen Love,colemandaniel@example.com,+1-776-424-3879x1101
682,Stephen Love,colemandaniel@example.com,+1-776-424-3879x1101
437,Stephen Love,colemandaniel@example.com,+1-776-424-3879x1101
667,Stephen Love,colemandaniel@example.com,+1-776-424-3879x1101
22,Stephen Love,colemandaniel@example.com,+1-776-424-3879x1101
419,Stephen Love,colemandaniel@example.com,+1-776-424-3879x1101
160,Stephen Love,colemandaniel@example.com,+1-776-424-3879x1101
43,Stephen Love,colemandaniel@example.com,+1-776-424-3879x1101
911,Stephen Love,colemandaniel@example.com,+1-776-424-3879x1101
30,Stephen Love,colemandaniel@example.com,+1-776-424-3879x1101
764,Stephen Love,colemandaniel@example.com,+1-776-424-3879x1101
339,Stephen Love,colemandaniel@example.com,+1-776-424-3879x1101
189,Stephen Love,colemandaniel@example.com,+1-776-424-3879x1101
833,Stephen Love,colemandaniel@example.com,+1-776-424-3879x1101
705,Stephen Love,colemandaniel@example.com,+1-776-424-3879x1101
216,Stephen Love,colemandaniel@example.com,+1-776-424-3879x1101
366,Stephen Love,colemandaniel@example.com,+1-776-424-3879x1101
359,Stephen Love,colemandaniel@example.com,+1-776-424-3879x1101
288,Stephen Love,colemandaniel@example.com,+1-776-424-3879x1101
481,Stephen Love,colemandaniel@example.com,+1-776-424-3879x1101
551,Stephen Love,colemandaniel@example.com,+1-776-424-3879x1101
71,Stephen Love,colemandaniel@example.com,+1-776-424-3879x1101
232,Stephen Love,colemandaniel@example.com,+1-776-424-3879x1101
660,Stephen Love,colemandaniel@example.com,+1-776-424-3879x1101
214,Stephen Love,colemandaniel@example.com,+1-776-424-3879x1101
856,Stephen Love,colemandaniel@example.com,+1-776-424-3879x1101
841,Stephen Love,colemandaniel@example.com,+1-776-424-3879x1101
865,Stephen Love,colemandaniel@example.com,+1-776-424-3879x1101
979,Stephen Love,colemandaniel@example.com,+1-776-424-3879x1101
556,Stephen Love,colemandaniel@example.com,+1-776-424-3879x1101
965,Stephen Love,colemandaniel@example.com,+1-776-424-3879x1101
58,Stephen Love,colemandaniel@example.com,+1-776-424-3879x1101
505,Stephen Love,colemandaniel@example.com,+1-776-424-3879x1101
895,Stephen Love,colemandaniel@example.com,+1-776-424-3879x1101
749,Stephen Love,colemandaniel@example.com,+1-776-424-3879x1101
1,Stephen Love,colemandaniel@example.com,+1-776-424-3879x1101
649,Stephen Love,colemandaniel@example.com,+1-776-424-3879x1101
844,Stephen Love,colemandaniel@example.com,+1-776-424-3879x1101
336,Stephen Love,colemandaniel@example.com,+1-776-424-3879x1101
651,Stephen Love,colemandaniel@example.com,+1-776-424-3879x1101
226,Stephen Love,colemandaniel@example.com,+1-776-424-3879x1101
995,Stephen Love,colemandaniel@example.com,+1-776-424-3879x1101
543,Stephen Love,colemandaniel@example.com,+1-776-424-3879x1101
583,Stephen Love,colemandaniel@example.com,+1-776-424-3879x1101
838,Stephen Love,colemandaniel@example.com,+1-776-424-3879x1101
183,Stephen Love,colemandaniel@example.com,+1-776-424-3879x1101
552,Stephen Love,colemandaniel@example.com,+1-776-424-3879x1101
616,Stephen Love,colemandaniel@example.com,+1-776-424-3879x1101
961,Stephen Love,colemandaniel@example.com,+1-776-424-3879x1101
497,Stephen Love,colemandaniel@example.com,+1-776-424-3879x1101
548,Stephen Love,colemandaniel@example.com,+1-776-424-3879x1101
229,Stephen Love,colemandaniel@example.com,+1-776-424-3879x1101
986,Stephen Love,colemandaniel@example.com,+1-776-424-3879x1101
529,Stephen Love,colemandaniel@example.com,+1-776-424-3879x1101
670,Stephen Love,colemandaniel@example.com,+1-776-424-3879x1101
753,Stephen Love,colemandaniel@example.com,+1-776-424-3879x1101
958,Stephen Love,colemandaniel@example.com,+1-776-424-3879x1101
80,Stephen Love,colemandaniel@example.com,+1-776-424-3879x1101
324,Stephen Love,colemandaniel@example.com,+1-776-424-3879x1101
407,Stephen Love,colemandaniel@example.com,+1-776-424-3879x1101
300,Stephen Love,colemandaniel@example.com,+1-776-424-3879x1101
349,Stephen Love,colemandaniel@example.com,+1-776-424-3879x1101
711,Stephen Love,colemandaniel@example.com,+1-776-424-3879x1101
118,Stephen Love,colemandaniel@example.com,+1-776-424-3879x1101
514,Stephen Love,colemandaniel@example.com,+1-776-424-3879x1101
204,Stephen Love,colemandaniel@example.com,+1-776-424-3879x1101
985,Stephen Love,colemandaniel@example.com,+1-776-424-3879x1101
737,Stephen Love,colemandaniel@example.com,+1-776-424-3879x1101
972,Stephen Love,colemandaniel@example.com,+1-776-424-3879x1101
853,Stephen Love,colemandaniel@example.com,+1-776-424-3879x1101
769,Stephen Love,colemandaniel@example.com,+1-776-424-3879x1101
901,Stephen Love,colemandaniel@example.com,+1-776-424-3879x1101
696,Stephen Love,colemandaniel@example.com,+1-776-424-3879x1101
166,Stephen Love,colemandaniel@example.com,+1-776-424-3879x1101
397,Stephen Love,colemandaniel@example.com,+1-776-424-3879x1101
924,Stephen Love,colemandaniel@example.com,+1-776-424-3879x1101
408,Stephen Love,colemandaniel@example.com,+1-776-424-3879x1101
933,Stephen Love,colemandaniel@example.com,+1-776-424-3879x1101
566,Stephen Love,colemandaniel@example.com,+1-776-424-3879x1101
281,Stephen Love,colemandaniel@example.com,+1-776-424-3879x1101
32,Stephen Love,colemandaniel@example.com,+1-776-424-3879x1101
550,Stephen Love,colemandaniel@example.com,+1-776-424-3879x1101
172,Stephen Love,colemandaniel@example.com,+1-776-424-3879x1101
294,Stephen Love,colemandaniel@example.com,+1-776-424-3879x1101
684,Stephen Love,colemandaniel@example.com,+1-776-424-3879x1101
916,Stephen Love,colemandaniel@example.com,+1-776-424-3879x1101
735,Stephen Love,colemandaniel@example.com,+1-776-424-3879x1101
54,Stephen Love,colemandaniel@example.com,+1-776-424-3879x1101
866,Stephen Love,colemandaniel@example.com,+1-776-424-3879x1101
820,Stephen Love,colemandaniel@example.com,+1-776-424-3879x1101
962,Stephen Love,colemandaniel@example.com,+1-776-424-3879x1101
188,Stephen Love,colemandaniel@example.com,+1-776-424-3879x1101
755,Stephen Love,colemandaniel@example.com,+1-776-424-3879x1101
909,Stephen Love,colemandaniel@example.com,+1-776-424-3879x1101
500,Stephen Love,colemandaniel@example.com,+1-776-424-3879x1101
579,Stephen Love,colemandaniel@example.com,+1-776-424-3879x1101
969,Stephen Love,colemandaniel@example.com,+1-776-424-3879x1101
273,Stephen Love,colemandaniel@example.com,+1-776-424-3879x1101
48,Stephen Love,colemandaniel@example.com,+1-776-424-3879x1101
925,Stephen Love,colemandaniel@example.com,+1-776-424-3879x1101
272,Stephen Love,colemandaniel@example.com,+1-776-424-3879x1101
461,Stephen Love,colemandaniel@example.com,+1-776-424-3879x1101
640,Stephen Love,colemandaniel@example.com,+1-776-424-3879x1101
982,Stephen Love,colemandaniel@example.com,+1-776-424-3879x1101
953,Stephen Love,colemandaniel@example.com,+1-776-424-3879x1101
821,Stephen Love,colemandaniel@example.com,+1-776-424-3879x1101
652,Stephen Love,colemandaniel@example.com,+1-776-424-3879x1101
426,Stephen Love,colemandaniel@example.com,+1-776-424-3879x1101
474,Stephen Love,colemandaniel@example.com,+1-776-424-3879x1101
465,Stephen Love,colemandaniel@example.com,+1-776-424-3879x1101
650,Stephen Love,colemandaniel@example.com,+1-776-424-3879x1101
473,Stephen Love,colemandaniel@example.com,+1-776-424-3879x1101
494,Stephen Love,colemandaniel@example.com,+1-776-424-3879x1101
973,Stephen Love,colemandaniel@example.com,+1-776-424-3879x1101
666,Stephen Love,colemandaniel@example.com,+1-776-424-3879x1101
90,Stephen Love,colemandaniel@example.com,+1-776-424-3879x1101
915,Stephen Love,colemandaniel@example.com,+1-776-424-3879x1101
296,Stephen Love,colemandaniel@example.com,+1-776-424-3879x1101
996,Stephen Love,colemandaniel@example.com,+1-776-424-3879x1101
950,Stephen Love,colemandaniel@example.com,+1-776-424-3879x1101
574,Stephen Love,colemandaniel@example.com,+1-776-424-3879x1101
563,Stephen Love,colemandaniel@example.com,+1-776-424-3879x1101
967,Stephen Love,colemandaniel@example.com,+1-776-424-3879x1101
219,Stephen Love,colemandaniel@example.com,+1-776-424-3879x1101
695,Stephen Love,colemandaniel@example.com,+1-776-424-3879x1101
694,Stephen Love,colemandaniel@example.com,+1-776-424-3879x1101
217,Stephen Love,colemandaniel@example.com,+1-776-424-3879x1101
664,Stephen Love,colemandaniel@example.com,+1-776-424-3879x1101
765,Stephen Love,colemandaniel@example.com,+1-776-424-3879x1101
77,Stephen Love,colemandaniel@example.com,+1-776-424-3879x1101
333,Stephen Love,colemandaniel@example.com,+1-776-424-3879x1101
835,Stephen Love,colemandaniel@example.com,+1-776-424-3879x1101
959,Stephen Love,colemandaniel@example.com,+1-776-424-3879x1101
138,Stephen Love,colemandaniel@example.com,+1-776-424-3879x1101
126,Stephen Love,colemandaniel@example.com,+1-776-424-3879x1101
463,Stephen Love,colemandaniel@example.com,+1-776-424-3879x1101
130,Stephen Love,colemandaniel@example.com,+1-776-424-3879x1101
779,Stephen Love,colemandaniel@example.com,+1-776-424-3879x1101
558,Stephen Love,colemandaniel@example.com,+1-776-424-3879x1101
604,Stephen Love,colemandaniel@example.com,+1-776-424-3879x1101
729,Stephen Love,colemandaniel@example.com,+1-776-424-3879x1101
108,Stephen Love,colemandaniel@example.com,+1-776-424-3879x1101
384,Stephen Love,colemandaniel@example.com,+1-776-424-3879x1101
904,Stephen Love,colemandaniel@example.com,+1-776-424-3879x1101
23,Stephen Love,colemandaniel@example.com,+1-776-424-3879x1101
446,Stephen Love,colemandaniel@example.com,+1-776-424-3879x1101
370,Stephen Love,colemandaniel@example.com,+1-776-424-3879x1101
647,Stephen Love,colemandaniel@example.com,+1-776-424-3879x1101
811,Stephen Love,colemandaniel@example.com,+1-776-424-3879x1101
311,Stephen Love,colemandaniel@example.com,+1-776-424-3879x1101
722,Stephen Love,colemandaniel@example.com,+1-776-424-3879x1101
221,Stephen Love,colemandaniel@example.com,+1-776-424-3879x1101
123,Stephen Love,colemandaniel@example.com,+1-776-424-3879x1101
834,Stephen Love,colemandaniel@example.com,+1-776-424-3879x1101
27,Stephen Love,colemandaniel@example.com,+1-776-424-3879x1101
843,Stephen Love,colemandaniel@example.com,+1-776-424-3879x1101
341,Stephen Love,colemandaniel@example.com,+1-776-424-3879x1101
167,Stephen Love,colemandaniel@example.com,+1-776-424-3879x1101
546,Stephen Love,colemandaniel@example.com,+1-776-424-3879x1101
594,Stephen Love,colemandaniel@example.com,+1-776-424-3879x1101
956,Stephen Love,colemandaniel@example.com,+1-776-424-3879x1101
298,Stephen Love,colemandaniel@example.com,+1-776-424-3879x1101
624,Stephen Love,colemandaniel@example.com,+1-776-424-3879x1101
49,Stephen Love,colemandaniel@example.com,+1-776-424-3879x1101
372,Stephen Love,colemandaniel@example.com,+1-776-424-3879x1101
321,Stephen Love,colemandaniel@example.com,+1-776-424-3879x1101
751,Stephen Love,colemandaniel@example.com,+1-776-424-3879x1101
335,Stephen Love,colemandaniel@example.com,+1-776-424-3879x1101
466,Stephen Love,colemandaniel@example.com,+1-776-424-3879x1101
692,Stephen Love,colemandaniel@example.com,+1-776-424-3879x1101
455,Stephen Love,colemandaniel@example.com,+1-776-424-3879x1101
252,Stephen Love,colemandaniel@example.com,+1-776-424-3879x1101
894,Stephen Love,colemandaniel@example.com,+1-776-424-3879x1101
458,Stephen Love,colemandaniel@example.com,+1-776-424-3879x1101
460,Stephen Love,colemandaniel@example.com,+1-776-424-3879x1101
436,Stephen Love,colemandaniel@example.com,+1-776-424-3879x1101
287,Stephen Love,colemandaniel@example.com,+1-776-424-3879x1101
663,Stephen Love,colemandaniel@example.com,+1-776-424-3879x1101
111,Stephen Love,colemandaniel@example.com,+1-776-424-3879x1101
836,Stephen Love,colemandaniel@example.com,+1-776-424-3879x1101
387,Stephen Love,colemandaniel@example.com,+1-776-424-3879x1101
646,Stephen Love,colemandaniel@example.com,+1-776-424-3879x1101
210,Stephen Love,colemandaniel@example.com,+1-776-424-3879x1101
917,Stephen Love,colemandaniel@example.com,+1-776-424-3879x1101
585,Stephen Love,colemandaniel@example.com,+1-776-424-3879x1101
809,Stephen Love,colemandaniel@example.com,+1-776-424-3879x1101
516,Stephen Love,colemandaniel@example.com,+1-776-424-3879x1101
557,Stephen Love,colemandaniel@example.com,+1-776-424-3879x1101
871,Stephen Love,colemandaniel@example.com,+1-776-424-3879x1101
235,Stephen Love,colemandaniel@example.com,+1-776-424-3879x1101
355,Stephen Love,colemandaniel@example.com,+1-776-424-3879x1101
770,Stephen Love,colemandaniel@example.com,+1-776-424-3879x1101
726,Stephen Love,colemandaniel@example.com,+1-776-424-3879x1101
468,Stephen Love,colemandaniel@example.com,+1-776-424-3879x1101
234,Stephen Love,colemandaniel@example.com,+1-776-424-3879x1101
832,Stephen Love,colemandaniel@example.com,+1-776-424-3879x1101
155,Stephen Love,colemandaniel@example.com,+1-776-424-3879x1101
960,Stephen Love,colemandaniel@example.com,+1-776-424-3879x1101
95,Stephen Love,colemandaniel@example.com,+1-776-424-3879x1101
759,Stephen Love,colemandaniel@example.com,+1-776-424-3879x1101
251,Stephen Love,colemandaniel@example.com,+1-776-424-3879x1101
96,Stephen Love,colemandaniel@example.com,+1-776-424-3879x1101
102,Stephen Love,colemandaniel@example.com,+1-776-424-3879x1101
462,Stephen Love,colemandaniel@example.com,+1-776-424-3879x1101
499,Stephen Love,colemandaniel@example.com,+1-776-424-3879x1101
378,Stephen Love,colemandaniel@example.com,+1-776-424-3879x1101
211,Stephen Love,colemandaniel@example.com,+1-776-424-3879x1101
338,Stephen Love,colemandaniel@example.com,+1-776-424-3879x1101
637,Stephen Love,colemandaniel@example.com,+1-776-424-3879x1101
977,Stephen Love,colemandaniel@example.com,+1-776-424-3879x1101
719,Stephen Love,colemandaniel@example.com,+1-776-424-3879x1101
201,Stephen Love,colemandaniel@example.com,+1-776-424-3879x1101
621,Stephen Love,colemandaniel@example.com,+1-776-424-3879x1101
149,Stephen Love,colemandaniel@example.com,+1-776-424-3879x1101
822,Stephen Love,colemandaniel@example.com,+1-776-424-3879x1101
890,Stephen Love,colemandaniel@example.com,+1-776-424-3879x1101
617,Stephen Love,colemandaniel@example.com,+1-776-424-3879x1101
715,Stephen Love,colemandaniel@example.com,+1-776-424-3879x1101
655,Stephen Love,colemandaniel@example.com,+1-776-424-3879x1101
990,Stephen Love,colemandaniel@example.com,+1-776-424-3879x1101
597,Stephen Love,colemandaniel@example.com,+1-776-424-3879x1101
784,Stephen Love,colemandaniel@example.com,+1-776-424-3879x1101
509,Stephen Love,colemandaniel@example.com,+1-776-424-3879x1101
830,Stephen Love,colemandaniel@example.com,+1-776-424-3879x1101
67,Stephen Love,colemandaniel@example.com,+1-776-424-3879x1101
165,Stephen Love,colemandaniel@example.com,+1-776-424-3879x1101
315,Stephen Love,colemandaniel@example.com,+1-776-424-3879x1101
786,Stephen Love,colemandaniel@example.com,+1-776-424-3879x1101
679,Stephen Love,colemandaniel@example.com,+1-776-424-3879x1101
812,Stephen Love,colemandaniel@example.com,+1-776-424-3879x1101
999,Stephen Love,colemandaniel@example.com,+1-776-424-3879x1101
974,Stephen Love,colemandaniel@example.com,+1-776-424-3879x1101
187,Stephen Love,colemandaniel@example.com,+1-776-424-3879x1101
73,Stephen Love,colemandaniel@example.com,+1-776-424-3879x1101
429,Stephen Love,colemandaniel@example.com,+1-776-424-3879x1101
106,Stephen Love,colemandaniel@example.com,+1-776-424-3879x1101
459,Stephen Love,colemandaniel@example.com,+1-776-424-3879x1101
998,Stephen Love,colemandaniel@example.com,+1-776-424-3879x1101
360,Stephen Love,colemandaniel@example.com,+1-776-424-3879x1101
278,Stephen Love,colemandaniel@example.com,+1-776-424-3879x1101
620,Stephen Love,colemandaniel@example.com,+1-776-424-3879x1101
5,Stephen Love,colemandaniel@example.com,+1-776-424-3879x1101
968,Stephen Love,colemandaniel@example.com,+1-776-424-3879x1101
887,Stephen Love,colemandaniel@example.com,+1-776-424-3879x1101
608,Stephen Love,colemandaniel@example.com,+1-776-424-3879x1101
6,Stephen Love,colemandaniel@example.com,+1-776-424-3879x1101
258,Stephen Love,colemandaniel@example.com,+1-776-424-3879x1101
202,Stephen Love,colemandaniel@example.com,+1-776-424-3879x1101
318,Stephen Love,colemandaniel@example.com,+1-776-424-3879x1101
848,Stephen Love,colemandaniel@example.com,+1-776-424-3879x1101
797,Stephen Love,colemandaniel@example.com,+1-776-424-3879x1101
877,Stephen Love,colemandaniel@example.com,+1-776-424-3879x1101
301,Stephen Love,colemandaniel@example.com,+1-776-424-3879x1101
677,Stephen Love,colemandaniel@example.com,+1-776-424-3879x1101
411,Stephen Love,colemandaniel@example.com,+1-776-424-3879x1101
250,Stephen Love,colemandaniel@example.com,+1-776-424-3879x1101
791,Stephen Love,colemandaniel@example.com,+1-776-424-3879x1101
223,Stephen Love,colemandaniel@example.com,+1-776-424-3879x1101
248,Stephen Love,colemandaniel@example.com,+1-776-424-3879x1101
994,Stephen Love,colemandaniel@example.com,+1-776-424-3879x1101
395,Stephen Love,colemandaniel@example.com,+1-776-424-3879x1101
817,Stephen Love,colemandaniel@example.com,+1-776-424-3879x1101
88,Stephen Love,colemandaniel@example.com,+1-776-424-3879x1101
921,Stephen Love,colemandaniel@example.com,+1-776-424-3879x1101
636,Stephen Love,colemandaniel@example.com,+1-776-424-3879x1101
405,Stephen Love,colemandaniel@example.com,+1-776-424-3879x1101
567,Stephen Love,colemandaniel@example.com,+1-776-424-3879x1101
150,Stephen Love,colemandaniel@example.com,+1-776-424-3879x1101
190,Stephen Love,colemandaniel@example.com,+1-776-424-3879x1101
36,Stephen Love,colemandaniel@example.com,+1-776-424-3879x1101
589,Stephen Love,colemandaniel@example.com,+1-776-424-3879x1101
910,Stephen Love,colemandaniel@example.com,+1-776-424-3879x1101
443,Stephen Love,colemandaniel@example.com,+1-776-424-3879x1101
99,Stephen Love,colemandaniel@example.com,+1-776-424-3879x1101
50,Stephen Love,colemandaniel@example.com,+1-776-424-3879x1101
39,Stephen Love,colemandaniel@example.com,+1-776-424-3879x1101
346,Stephen Love,colemandaniel@example.com,+1-776-424-3879x1101
900,Stephen Love,colemandaniel@example.com,+1-776-424-3879x1101
394,Stephen Love,colemandaniel@example.com,+1-776-424-3879x1101
309,Stephen Love,colemandaniel@example.com,+1-776-424-3879x1101
75,Stephen Love,colemandaniel@example.com,+1-776-424-3879x1101
386,Stephen Love,colemandaniel@example.com,+1-776-424-3879x1101
53,Stephen Love,colemandaniel@example.com,+1-776-424-3879x1101
530,Stephen Love,colemandaniel@example.com,+1-776-424-3879x1101
773,Stephen Love,colemandaniel@example.com,+1-776-424-3879x1101
991,Stephen Love,colemandaniel@example.com,+1-776-424-3879x1101
20,Stephen Love,colemandaniel@example.com,+1-776-424-3879x1101
584,Stephen Love,colemandaniel@example.com,+1-776-424-3879x1101
72,Stephen Love,colemandaniel@example.com,+1-776-424-3879x1101
93,Stephen Love,colemandaniel@example.com,+1-776-424-3879x1101
827,Stephen Love,colemandaniel@example.com,+1-776-424-3879x1101
592,Stephen Love,colemandaniel@example.com,+1-776-424-3879x1101
590,Stephen Love,colemandaniel@example.com,+1-776-424-3879x1101
922,Stephen Love,colemandaniel@example.com,+1-776-424-3879x1101
629,Stephen Love,colemandaniel@example.com,+1-776-424-3879x1101
503,Stephen Love,colemandaniel@example.com,+1-776-424-3879x1101
224,Stephen Love,colemandaniel@example.com,+1-776-424-3879x1101
340,Stephen Love,colemandaniel@example.com,+1-776-424-3879x1101
107,Stephen Love,colemandaniel@example.com,+1-776-424-3879x1101
614,Stephen Love,colemandaniel@example.com,+1-776-424-3879x1101
952,Stephen Love,colemandaniel@example.com,+1-776-424-3879x1101
683,Stephen Love,colemandaniel@example.com,+1-776-424-3879x1101
392,Stephen Love,colemandaniel@example.com,+1-776-424-3879x1101
104,Stephen Love,colemandaniel@example.com,+1-776-424-3879x1101
907,Stephen Love,colemandaniel@example.com,+1-776-424-3879x1101
117,Stephen Love,colemandaniel@example.com,+1-776-424-3879x1101
277,Stephen Love,colemandaniel@example.com,+1-776-424-3879x1101
913,Stephen Love,colemandaniel@example.com,+1-776-424-3879x1101
343,Stephen Love,colemandaniel@example.com,+1-776-424-3879x1101
987,Stephen Love,colemandaniel@example.com,+1-776-424-3879x1101
28,Stephen Love,colemandaniel@example.com,+1-776-424-3879x1101
389,Stephen Love,colemandaniel@example.com,+1-776-424-3879x1101
306,Stephen Love,colemandaniel@example.com,+1-776-424-3879x1101
688,Stephen Love,colemandaniel@example.com,+1-776-424-3879x1101
313,Stephen Love,colemandaniel@example.com,+1-776-424-3879x1101
261,Stephen Love,colemandaniel@example.com,+1-776-424-3879x1101
363,Stephen Love,colemandaniel@example.com,+1-776-424-3879x1101
33,Stephen Love,colemandaniel@example.com,+1-776-424-3879x1101
531,Stephen Love,colemandaniel@example.com,+1-776-424-3879x1101
669,Stephen Love,colemandaniel@example.com,+1-776-424-3879x1101
195,Stephen Love,colemandaniel@example.com,+1-776-424-3879x1101
122,Stephen Love,colemandaniel@example.com,+1-776-424-3879x1101
970,Stephen Love,colemandaniel@example.com,+1-776-424-3879x1101
280,Stephen Love,colemandaniel@example.com,+1-776-424-3879x1101
810,Stephen Love,colemandaniel@example.com,+1-776-424-3879x1101
146,Stephen Love,colemandaniel@example.com,+1-776-424-3879x1101
291,Stephen Love,colemandaniel@example.com,+1-776-424-3879x1101
864,Stephen Love,colemandaniel@example.com,+1-776-424-3879x1101
997,Stephen Love,colemandaniel@example.com,+1-776-424-3879x1101
618,Stephen Love,colemandaniel@example.com,+1-776-424-3879x1101
29,Stephen Love,colemandaniel@example.com,+1-776-424-3879x1101
322,Stephen Love,colemandaniel@example.com,+1-776-424-3879x1101
289,Stephen Love,colemandaniel@example.com,+1-776-424-3879x1101
478,Stephen Love,colemandaniel@example.com,+1-776-424-3879x1101
944,Stephen Love,colemandaniel@example.com,+1-776-424-3879x1101
425,Stephen Love,colemandaniel@example.com,+1-776-424-3879x1101
576,Stephen Love,colemandaniel@example.com,+1-776-424-3879x1101
934,Stephen Love,colemandaniel@example.com,+1-776-424-3879x1101
496,Stephen Love,colemandaniel@example.com,+1-776-424-3879x1101
37,Stephen Love,colemandaniel@example.com,+1-776-424-3879x1101
476,Stephen Love,colemandaniel@example.com,+1-776-424-3879x1101
859,Stephen Love,colemandaniel@example.com,+1-776-424-3879x1101
742,Stephen Love,colemandaniel@example.com,+1-776-424-3879x1101
873,Stephen Love,colemandaniel@example.com,+1-776-424-3879x1101
680,Stephen Love,colemandaniel@example.com,+1-776-424-3879x1101
390,Stephen Love,colemandaniel@example.com,+1-776-424-3879x1101
438,Stephen Love,colemandaniel@example.com,+1-776-424-3879x1101
628,Stephen Love,colemandaniel@example.com,+1-776-424-3879x1101
602,Stephen Love,colemandaniel@example.com,+1-776-424-3879x1101
858,Stephen Love,colemandaniel@example.com,+1-776-424-3879x1101
307,Stephen Love,colemandaniel@example.com,+1-776-424-3879x1101
932,Stephen Love,colemandaniel@example.com,+1-776-424-3879x1101
365,Stephen Love,colemandaniel@example.com,+1-776-424-3879x1101
82,Stephen Love,colemandaniel@example.com,+1-776-424-3879x1101
648,Stephen Love,colemandaniel@example.com,+1-776-424-3879x1101
795,Stephen Love,colemandaniel@example.com,+1-776-424-3879x1101
781,Stephen Love,colemandaniel@example.com,+1-776-424-3879x1101
588,Stephen Love,colemandaniel@example.com,+1-776-424-3879x1101
980,Stephen Love,colemandaniel@example.com,+1-776-424-3879x1101
536,Stephen Love,colemandaniel@example.com,+1-776-424-3879x1101
793,Stephen Love,colemandaniel@example.com,+1-776-424-3879x1101
267,Stephen Love,colemandaniel@example.com,+1-776-424-3879x1101
767,Stephen Love,colemandaniel@example.com,+1-776-424-3879x1101
946,Stephen Love,colemandaniel@example.com,+1-776-424-3879x1101
571,Stephen Love,colemandaniel@example.com,+1-776-424-3879x1101
420,Stephen Love,colemandaniel@example.com,+1-776-424-3879x1101
520,Stephen Love,colemandaniel@example.com,+1-776-424-3879x1101
127,Stephen Love,colemandaniel@example.com,+1-776-424-3879x1101
787,Stephen Love,colemandaniel@example.com,+1-776-424-3879x1101
319,Stephen Love,colemandaniel@example.com,+1-776-424-3879x1101
754,Stephen Love,colemandaniel@example.com,+1-776-424-3879x1101
517,Stephen Love,colemandaniel@example.com,+1-776-424-3879x1101
591,Stephen Love,colemandaniel@example.com,+1-776-424-3879x1101
869,Stephen Love,colemandaniel@example.com,+1-776-424-3879x1101
978,Stephen Love,colemandaniel@example.com,+1-776-424-3879x1101
935,Stephen Love,colemandaniel@example.com,+1-776-424-3879x1101
59,Stephen Love,colemandaniel@example.com,+1-776-424-3879x1101
403,Stephen Love,colemandaniel@example.com,+1-776-424-3879x1101
639,Stephen Love,colemandaniel@example.com,+1-776-424-3879x1101
169,Stephen Love,colemandaniel@example.com,+1-776-424-3879x1101
398,Stephen Love,colemandaniel@example.com,+1-776-424-3879x1101
610,Stephen Love,colemandaniel@example.com,+1-776-424-3879x1101
263,Stephen Love,colemandaniel@example.com,+1-776-424-3879x1101
693,Stephen Love,colemandaniel@example.com,+1-776-424-3879x1101
145,Stephen Love,colemandaniel@example.com,+1-776-424-3879x1101
539,Stephen Love,colemandaniel@example.com,+1-776-424-3879x1101
244,Stephen Love,colemandaniel@example.com,+1-776-424-3879x1101
886,Stephen Love,colemandaniel@example.com,+1-776-424-3879x1101
186,Stephen Love,colemandaniel@example.com,+1-776-424-3879x1101
675,Stephen Love,colemandaniel@example.com,+1-776-424-3879x1101
577,Stephen Love,colemandaniel@example.com,+1-776-424-3879x1101
732,Stephen Love,colemandaniel@example.com,+1-776-424-3879x1101
157,Stephen Love,colemandaniel@example.com,+1-776-424-3879x1101
846,Stephen Love,colemandaniel@example.com,+1-776-424-3879x1101
196,Stephen Love,colemandaniel@example.com,+1-776-424-3879x1101
739,Stephen Love,colemandaniel@example.com,+1-776-424-3879x1101
700,Stephen Love,colemandaniel@example.com,+1-776-424-3879x1101
364,Stephen Love,colemandaniel@example.com,+1-776-424-3879x1101
344,Stephen Love,colemandaniel@example.com,+1-776-424-3879x1101
940,Stephen Love,colemandaniel@example.com,+1-776-424-3879x1101
799,Stephen Love,colemandaniel@example.com,+1-776-424-3879x1101
237,Stephen Love,colemandaniel@example.com,+1-776-424-3879x1101
68,Stephen Love,colemandaniel@example.com,+1-776-424-3879x1101
699,Stephen Love,colemandaniel@example.com,+1-776-424-3879x1101
74,Stephen Love,colemandaniel@example.com,+1-776-424-3879x1101
453,Stephen Love,colemandaniel@example.com,+1-776-424-3879x1101
323,Stephen Love,colemandaniel@example.com,+1-776-424-3879x1101
927,Stephen Love,colemandaniel@example.com,+1-776-424-3879x1101
554,Stephen Love,colemandaniel@example.com,+1-776-424-3879x1101
220,Stephen Love,colemandaniel@example.com,+1-776-424-3879x1101
511,Stephen Love,colemandaniel@example.com,+1-776-424-3879x1101
575,Stephen Love,colemandaniel@example.com,+1-776-424-3879x1101
862,Stephen Love,colemandaniel@example.com,+1-776-424-3879x1101
627,Stephen Love,colemandaniel@example.com,+1-776-424-3879x1101
330,Stephen Love,colemandaniel@example.com,+1-776-424-3879x1101
775,Stephen Love,colemandaniel@example.com,+1-776-424-3879x1101
292,Stephen Love,colemandaniel@example.com,+1-776-424-3879x1101
596,Stephen Love,colemandaniel@example.com,+1-776-424-3879x1101
433,Stephen Love,colemandaniel@example.com,+1-776-424-3879x1101
899,Stephen Love,colemandaniel@example.com,+1-776-424-3879x1101
131,Stephen Love,colemandaniel@example.com,+1-776-424-3879x1101
748,Stephen Love,colemandaniel@example.com,+1-776-424-3879x1101
876,Stephen Love,colemandaniel@example.com,+1-776-424-3879x1101
286,Stephen Love,colemandaniel@example.com,+1-776-424-3879x1101
908,Stephen Love,colemandaniel@example.com,+1-776-424-3879x1101
297,Stephen Love,colemandaniel@example.com,+1-776-424-3879x1101
441,Stephen Love,colemandaniel@example.com,+1-776-424-3879x1101
763,Stephen Love,colemandaniel@example.com,+1-776-424-3879x1101
345,Stephen Love,colemandaniel@example.com,+1-776-424-3879x1101
837,Stephen Love,colemandaniel@example.com,+1-776-424-3879x1101
518,Stephen Love,colemandaniel@example.com,+1-776-424-3879x1101
199,Stephen Love,colemandaniel@example.com,+1-776-424-3879x1101
399,Stephen Love,colemandaniel@example.com,+1-776-424-3879x1101
823,Stephen Love,colemandaniel@example.com,+1-776-424-3879x1101
375,Stephen Love,colemandaniel@example.com,+1-776-424-3879x1101
930,Stephen Love,colemandaniel@example.com,+1-776-424-3879x1101
852,Stephen Love,colemandaniel@example.com,+1-776-424-3879x1101
771,Stephen Love,colemandaniel@example.com,+1-776-424-3879x1101
880,Stephen Love,colemandaniel@example.com,+1-776-424-3879x1101
745,Stephen Love,colemandaniel@example.com,+1-776-424-3879x1101
432,Stephen Love,colemandaniel@example.com,+1-776-424-3879x1101
25,Stephen Love,colemandaniel@example.com,+1-776-424-3879x1101
371,Stephen Love,colemandaniel@example.com,+1-776-424-3879x1101
198,Stephen Love,colemandaniel@example.com,+1-776-424-3879x1101
57,Stephen Love,colemandaniel@example.com,+1-776-424-3879x1101
983,Stephen Love,colemandaniel@example.com,+1-776-424-3879x1101
782,Stephen Love,colemandaniel@example.com,+1-776-424-3879x1101
84,Stephen Love,colemandaniel@example.com,+1-776-424-3879x1101
194,Stephen Love,colemandaniel@example.com,+1-776-424-3879x1101
896,Stephen Love,colemandaniel@example.com,+1-776-424-3879x1101
634,Stephen Love,colemandaniel@example.com,+1-776-424-3879x1101
598,Stephen Love,colemandaniel@example.com,+1-776-424-3879x1101
492,Stephen Love,colemandaniel@example.com,+1-776-424-3879x1101
578,Stephen Love,colemandaniel@example.com,+1-776-424-3879x1101
413,Stephen Love,colemandaniel@example.com,+1-776-424-3879x1101
440,Stephen Love,colemandaniel@example.com,+1-776-424-3879x1101
845,Stephen Love,colemandaniel@example.com,+1-776-424-3879x1101
731,Stephen Love,colemandaniel@example.com,+1-776-424-3879x1101
535,Stephen Love,colemandaniel@example.com,+1-776-424-3879x1101
981,Stephen Love,colemandaniel@example.com,+1-776-424-3879x1101
356,Stephen Love,colemandaniel@example.com,+1-776-424-3879x1101
402,Stephen Love,colemandaniel@example.com,+1-776-424-3879x1101
560,Stephen Love,colemandaniel@example.com,+1-776-424-3879x1101
276,Stephen Love,colemandaniel@example.com,+1-776-424-3879x1101
60,Stephen Love,colemandaniel@example.com,+1-776-424-3879x1101
704,Stephen Love,colemandaniel@example.com,+1-776-424-3879x1101
184,Stephen Love,colemandaniel@example.com,+1-776-424-3879x1101
665,Stephen Love,colemandaniel@example.com,+1-776-424-3879x1101
734,Stephen Love,colemandaniel@example.com,+1-776-424-3879x1101
381,Stephen Love,colemandaniel@example.com,+1-776-424-3879x1101
938,Stephen Love,colemandaniel@example.com,+1-776-424-3879x1101
638,Stephen Love,colemandaniel@example.com,+1-776-424-3879x1101
254,Stephen Love,colemandaniel@example.com,+1-776-424-3879x1101
966,Stephen Love,colemandaniel@example.com,+1-776-424-3879x1101
681,Stephen Love,colemandaniel@example.com,+1-776-424-3879x1101
687,Stephen Love,colemandaniel@example.com,+1-776-424-3879x1101
819,Stephen Love,colemandaniel@example.com,+1-776-424-3879x1101
21,Stephen Love,colemandaniel@example.com,+1-776-424-3879x1101
380,Stephen Love,colemandaniel@example.com,+1-776-424-3879x1101
257,Stephen Love,colemandaniel@example.com,+1-776-424-3879x1101
427,Stephen Love,colemandaniel@example.com,+1-776-424-3879x1101
559,Stephen Love,colemandaniel@example.com,+1-776-424-3879x1101
708,Stephen Love,colemandaniel@example.com,+1-776-424-3879x1101
310,Stephen Love,colemandaniel@example.com,+1-776-424-3879x1101
728,Stephen Love,colemandaniel@example.com,+1-776-424-3879x1101
724,Stephen Love,colemandaniel@example.com,+1-776-424-3879x1101
501,Stephen Love,colemandaniel@example.com,+1-776-424-3879x1101
115,Stephen Love,colemandaniel@example.com,+1-776-424-3879x1101
541,Stephen Love,colemandaniel@example.com,+1-776-424-3879x1101
587,Stephen Love,colemandaniel@example.com,+1-776-424-3879x1101
945,Stephen Love,colemandaniel@example.com,+1-776-424-3879x1101
208,Stephen Love,colemandaniel@example.com,+1-776-424-3879x1101
26,Stephen Love,colemandaniel@example.com,+1-776-424-3879x1101
18,Stephen Love,colemandaniel@example.com,+1-776-424-3879x1101
105,Stephen Love,colemandaniel@example.com,+1-776-424-3879x1101
661,Stephen Love,colemandaniel@example.com,+1-776-424-3879x1101
215,Stephen Love,colemandaniel@example.com,+1-776-424-3879x1101
290,Stephen Love,colemandaniel@example.com,+1-776-424-3879x1101
467,Stephen Love,colemandaniel@example.com,+1-776-424-3879x1101
78,Stephen Love,colemandaniel@example.com,+1-776-424-3879x1101
778,Stephen Love,colemandaniel@example.com,+1-776-424-3879x1101
703,Stephen Love,colemandaniel@example.com,+1-776-424-3879x1101
512,Stephen Love,colemandaniel@example.com,+1-776-424-3879x1101
417,Stephen Love,colemandaniel@example.com,+1-776-424-3879x1101
70,Stephen Love,colemandaniel@example.com,+1-776-424-3879x1101
156,Stephen Love,colemandaniel@example.com,+1-776-424-3879x1101
348,Stephen Love,colemandaniel@example.com,+1-776-424-3879x1101
230,Stephen Love,colemandaniel@example.com,+1-776-424-3879x1101
320,Stephen Love,colemandaniel@example.com,+1-776-424-3879x1101
275,Stephen Love,colemandaniel@example.com,+1-776-424-3879x1101
86,Stephen Love,colemandaniel@example.com,+1-776-424-3879x1101
207,Stephen Love,colemandaniel@example.com,+1-776-424-3879x1101
893,Stephen Love,colemandaniel@example.com,+1-776-424-3879x1101
564,Stephen Love,colemandaniel@example.com,+1-776-424-3879x1101
46,Stephen Love,colemandaniel@example.com,+1-776-424-3879x1101
279,Stephen Love,colemandaniel@example.com,+1-776-424-3879x1101
431,Stephen Love,colemandaniel@example.com,+1-776-424-3879x1101
212,Stephen Love,colemandaniel@example.com,+1-776-424-3879x1101
47,Stephen Love,colemandaniel@example.com,+1-776-424-3879x1101
515,Stephen Love,colemandaniel@example.com,+1-776-424-3879x1101
766,Stephen Love,colemandaniel@example.com,+1-776-424-3879x1101
170,Stephen Love,colemandaniel@example.com,+1-776-424-3879x1101
580,Stephen Love,colemandaniel@example.com,+1-776-424-3879x1101
447,Stephen Love,colemandaniel@example.com,+1-776-424-3879x1101
581,Stephen Love,colemandaniel@example.com,+1-776-424-3879x1101
633,Stephen Love,colemandaniel@example.com,+1-776-424-3879x1101
159,Stephen Love,colemandaniel@example.com,+1-776-424-3879x1101
806,Stephen Love,colemandaniel@example.com,+1-776-424-3879x1101
415,Stephen Love,colemandaniel@example.com,+1-776-424-3879x1101
963,Stephen Love,colemandaniel@example.com,+1-776-424-3879x1101
302,Stephen Love,colemandaniel@example.com,+1-776-424-3879x1101
457,Stephen Love,colemandaniel@example.com,+1-776-424-3879x1101
52,Stephen Love,colemandaniel@example.com,+1-776-424-3879x1101
428,Stephen Love,colemandaniel@example.com,+1-776-424-3879x1101
803,Stephen Love,colemandaniel@example.com,+1-776-424-3879x1101
152,Stephen Love,colemandaniel@example.com,+1-776-424-3879x1101
804,Stephen Love,colemandaniel@example.com,+1-776-424-3879x1101
561,Stephen Love,colemandaniel@example.com,+1-776-424-3879x1101
717,Stephen Love,colemandaniel@example.com,+1-776-424-3879x1101
452,Stephen Love,colemandaniel@example.com,+1-776-424-3879x1101
609,Stephen Love,colemandaniel@example.com,+1-776-424-3879x1101
260,Stephen Love,colemandaniel@example.com,+1-776-424-3879x1101
253,Stephen Love,colemandaniel@example.com,+1-776-424-3879x1101
498,Stephen Love,colemandaniel@example.com,+1-776-424-3879x1101
790,Stephen Love,colemandaniel@example.com,+1-776-424-3879x1101
885,Stephen Love,colemandaniel@example.com,+1-776-424-3879x1101
444,Stephen Love,colemandaniel@example.com,+1-776-424-3879x1101
354,Stephen Love,colemandaniel@example.com,+1-776-424-3879x1101
645,Stephen Love,colemandaniel@example.com,+1-776-424-3879x1101
35,Stephen Love,colemandaniel@example.com,+1-776-424-3879x1101
38,Stephen Love,colemandaniel@example.com,+1-776-424-3879x1101
882,Stephen Love,colemandaniel@example.com,+1-776-424-3879x1101
141,Stephen Love,colemandaniel@example.com,+1-776-424-3879x1101
537,Stephen Love,colemandaniel@example.com,+1-776-424-3879x1101
168,Stephen Love,colemandaniel@example.com,+1-776-424-3879x1101
926,Stephen Love,colemandaniel@example.com,+1-776-424-3879x1101
785,Stephen Love,colemandaniel@example.com,+1-776-424-3879x1101
303,Stephen Love,colemandaniel@example.com,+1-776-424-3879x1101
65,Stephen Love,colemandaniel@example.com,+1-776-424-3879x1101
741,Stephen Love,colemandaniel@example.com,+1-776-424-3879x1101
725,Stephen Love,colemandaniel@example.com,+1-776-424-3879x1101
435,Stephen Love,colemandaniel@example.com,+1-776-424-3879x1101
245,Stephen Love,colemandaniel@example.com,+1-776-424-3879x1101
672,Stephen Love,colemandaniel@example.com,+1-776-424-3879x1101
158,Stephen Love,colemandaniel@example.com,+1-776-424-3879x1101
314,Stephen Love,colemandaniel@example.com,+1-776-424-3879x1101
884,Stephen Love,colemandaniel@example.com,+1-776-424-3879x1101
136,Stephen Love,colemandaniel@example.com,+1-776-424-3879x1101
269,Stephen Love,colemandaniel@example.com,+1-776-424-3879x1101
710,Stephen Love,colemandaniel@example.com,+1-776-424-3879x1101
805,Stephen Love,colemandaniel@example.com,+1-776-424-3879x1101
209,Stephen Love,colemandaniel@example.com,+1-776-424-3879x1101
611,Stephen Love,colemandaniel@example.com,+1-776-424-3879x1101
475,Stephen Love,colemandaniel@example.com,+1-776-424-3879x1101
464,Stephen Love,colemandaniel@example.com,+1-776-424-3879x1101
772,Stephen Love,colemandaniel@example.com,+1-776-424-3879x1101
538,Stephen Love,colemandaniel@example.com,+1-776-424-3879x1101
266,Stephen Love,colemandaniel@example.com,+1-776-424-3879x1101
236,Stephen Love,colemandaniel@example.com,+1-776-424-3879x1101
502,Stephen Love,colemandaniel@example.com,+1-776-424-3879x1101
337,Stephen Love,colemandaniel@example.com,+1-776-424-3879x1101
861,Stephen Love,colemandaniel@example.com,+1-776-424-3879x1101
357,Stephen Love,colemandaniel@example.com,+1-776-424-3879x1101
657,Stephen Love,colemandaniel@example.com,+1-776-424-3879x1101
83,Stephen Love,colemandaniel@example.com,+1-776-424-3879x1101
685,Stephen Love,colemandaniel@example.com,+1-776-424-3879x1101
898,Stephen Love,colemandaniel@example.com,+1-776-424-3879x1101
424,Stephen Love,colemandaniel@example.com,+1-776-424-3879x1101
69,Stephen Love,colemandaniel@example.com,+1-776-424-3879x1101
116,Stephen Love,colemandaniel@example.com,+1-776-424-3879x1101
992,Stephen Love,colemandaniel@example.com,+1-776-424-3879x1101
829,Stephen Love,colemandaniel@example.com,+1-776-424-3879x1101
482,Stephen Love,colemandaniel@example.com,+1-776-424-3879x1101
891,Stephen Love,colemandaniel@example.com,+1-776-424-3879x1101
572,Stephen Love,colemandaniel@example.com,+1-776-424-3879x1101
626,Stephen Love,colemandaniel@example.com,+1-776-424-3879x1101
659,Stephen Love,colemandaniel@example.com,+1-776-424-3879x1101
801,Stephen Love,colemandaniel@example.com,+1-776-424-3879x1101
854,Stephen Love,colemandaniel@example.com,+1-776-424-3879x1101
480,Stephen Love,colemandaniel@example.com,+1-776-424-3879x1101
1000,Stephen Love,colemandaniel@example.com,+1-776-424-3879x1101
470,Stephen Love,colemandaniel@example.com,+1-776-424-3879x1101
164,Stephen Love,colemandaniel@example.com,+1-776-424-3879x1101
31,Stephen Love,colemandaniel@example.com,+1-776-424-3879x1101
691,Stephen Love,colemandaniel@example.com,+1-776-424-3879x1101
51,Stephen Love,colemandaniel@example.com,+1-776-424-3879x1101
200,Stephen Love,colemandaniel@example.com,+1-776-424-3879x1101
347,Stephen Love,colemandaniel@example.com,+1-776-424-3879x1101
702,Stephen Love,colemandaniel@example.com,+1-776-424-3879x1101
477,Stephen Love,colemandaniel@example.com,+1-776-424-3879x1101
274,Stephen Love,colemandaniel@example.com,+1-776-424-3879x1101
256,Stephen Love,colemandaniel@example.com,+1-776-424-3879x1101
85,Stephen Love,colemandaniel@example.com,+1-776-424-3879x1101
631,Stephen Love,colemandaniel@example.com,+1-776-424-3879x1101
81,Stephen Love,colemandaniel@example.com,+1-776-424-3879x1101
540,Stephen Love,colemandaniel@example.com,+1-776-424-3879x1101
358,Stephen Love,colemandaniel@example.com,+1-776-424-3879x1101
826,Stephen Love,colemandaniel@example.com,+1-776-424-3879x1101
143,Stephen Love,colemandaniel@example.com,+1-776-424-3879x1101
601,Stephen Love,colemandaniel@example.com,+1-776-424-3879x1101
233,Stephen Love,colemandaniel@example.com,+1-776-424-3879x1101
923,Stephen Love,colemandaniel@example.com,+1-776-424-3879x1101
671,Stephen Love,colemandaniel@example.com,+1-776-424-3879x1101
472,Stephen Love,colemandaniel@example.com,+1-776-424-3879x1101
740,Stephen Love,colemandaniel@example.com,+1-776-424-3879x1101
484,Stephen Love,colemandaniel@example.com,+1-776-424-3879x1101
747,Stephen Love,colemandaniel@example.com,+1-776-424-3879x1101
752,Stephen Love,colemandaniel@example.com,+1-776-424-3879x1101
905,Stephen Love,colemandaniel@example.com,+1-776-424-3879x1101
988,Stephen Love,colemandaniel@example.com,+1-776-424-3879x1101
875,Stephen Love,colemandaniel@example.com,+1-776-424-3879x1101
881,Stephen Love,colemandaniel@example.com,+1-776-424-3879x1101
903,Stephen Love,colemandaniel@example.com,+1-776-424-3879x1101
800,Stephen Love,colemandaniel@example.com,+1-776-424-3879x1101
247,Stephen Love,colemandaniel@example.com,+1-776-424-3879x1101
342,Stephen Love,colemandaniel@example.com,+1-776-424-3879x1101
713,Stephen Love,colemandaniel@example.com,+1-776-424-3879x1101
255,Stephen Love,colemandaniel@example.com,+1-776-424-3879x1101
697,Stephen Love,colemandaniel@example.com,+1-776-424-3879x1101
654,Stephen Love,colemandaniel@example.com,+1-776-424-3879x1101
450,Stephen Love,colemandaniel@example.com,+1-776-424-3879x1101
19,Stephen Love,colemandaniel@example.com,+1-776-424-3879x1101
456,Stephen Love,colemandaniel@example.com,+1-776-424-3879x1101
284,Stephen Love,colemandaniel@example.com,+1-776-424-3879x1101
941,Stephen Love,colemandaniel@example.com,+1-776-424-3879x1101
87,Stephen Love,colemandaniel@example.com,+1-776-424-3879x1101
479,Stephen Love,colemandaniel@example.com,+1-776-424-3879x1101
758,Stephen Love,colemandaniel@example.com,+1-776-424-3879x1101
352,Stephen Love,colemandaniel@example.com,+1-776-424-3879x1101
674,Stephen Love,colemandaniel@example.com,+1-776-424-3879x1101
630,Stephen Love,colemandaniel@example.com,+1-776-424-3879x1101
114,Stephen Love,colemandaniel@example.com,+1-776-424-3879x1101
730,Stephen Love,colemandaniel@example.com,+1-776-424-3879x1101
527,Stephen Love,colemandaniel@example.com,+1-776-424-3879x1101
391,Stephen Love,colemandaniel@example.com,+1-776-424-3879x1101
943,Stephen Love,colemandaniel@example.com,+1-776-424-3879x1101
532,Stephen Love,colemandaniel@example.com,+1-776-424-3879x1101
513,Stephen Love,colemandaniel@example.com,+1-776-424-3879x1101
331,Stephen Love,colemandaniel@example.com,+1-776-424-3879x1101
796,Stephen Love,colemandaniel@example.com,+1-776-424-3879x1101
733,Stephen Love,colemandaniel@example.com,+1-776-424-3879x1101
113,Stephen Love,colemandaniel@example.com,+1-776-424-3879x1101
936,Stephen Love,colemandaniel@example.com,+1-776-424-3879x1101
825,Stephen Love,colemandaniel@example.com,+1-776-424-3879x1101
544,Stephen Love,colemandaniel@example.com,+1-776-424-3879x1101
593,Stephen Love,colemandaniel@example.com,+1-776-424-3879x1101
246,Stephen Love,colemandaniel@example.com,+1-776-424-3879x1101
814,Stephen Love,colemandaniel@example.com,+1-776-424-3879x1101
191,Stephen Love,colemandaniel@example.com,+1-776-424-3879x1101
153,Stephen Love,colemandaniel@example.com,+1-776-424-3879x1101
510,Stephen Love,colemandaniel@example.com,+1-776-424-3879x1101
929,Stephen Love,colemandaniel@example.com,+1-776-424-3879x1101
262,Stephen Love,colemandaniel@example.com,+1-776-424-3879x1101
483,Stephen Love,colemandaniel@example.com,+1-776-424-3879x1101
243,Stephen Love,colemandaniel@example.com,+1-776-424-3879x1101
285,Stephen Love,colemandaniel@example.com,+1-776-424-3879x1101
521,Stephen Love,colemandaniel@example.com,+1-776-424-3879x1101
171,Stephen Love,colemandaniel@example.com,+1-776-424-3879x1101
97,Stephen Love,colemandaniel@example.com,+1-776-424-3879x1101
488,Stephen Love,colemandaniel@example.com,+1-776-424-3879x1101
409,Stephen Love,colemandaniel@example.com,+1-776-424-3879x1101
818,Stephen Love,colemandaniel@example.com,+1-776-424-3879x1101
414,Stephen Love,colemandaniel@example.com,+1-776-424-3879x1101
756,Stephen Love,colemandaniel@example.com,+1-776-424-3879x1101
103,Stephen Love,colemandaniel@example.com,+1-776-424-3879x1101
902,Stephen Love,colemandaniel@example.com,+1-776-424-3879x1101
600,Stephen Love,colemandaniel@example.com,+1-776-424-3879x1101
964,Stephen Love,colemandaniel@example.com,+1-776-424-3879x1101
174,Stephen Love,colemandaniel@example.com,+1-776-424-3879x1101
824,Stephen Love,colemandaniel@example.com,+1-776-424-3879x1101
125,Stephen Love,colemandaniel@example.com,+1-776-424-3879x1101
622,Stephen Love,colemandaniel@example.com,+1-776-424-3879x1101
847,Stephen Love,colemandaniel@example.com,+1-776-424-3879x1101
76,Stephen Love,colemandaniel@example.com,+1-776-424-3879x1101
185,Stephen Love,colemandaniel@example.com,+1-776-424-3879x1101
350,Stephen Love,colemandaniel@example.com,+1-776-424-3879x1101
351,Stephen Love,colemandaniel@example.com,+1-776-424-3879x1101
495,Stephen Love,colemandaniel@example.com,+1-776-424-3879x1101
151,Stephen Love,colemandaniel@example.com,+1-776-424-3879x1101
789,Stephen Love,colemandaniel@example.com,+1-776-424-3879x1101
949,Stephen Love,colemandaniel@example.com,+1-776-424-3879x1101
388,Stephen Love,colemandaniel@example.com,+1-776-424-3879x1101
449,Stephen Love,colemandaniel@example.com,+1-776-424-3879x1101
3,Stephen Love,colemandaniel@example.com,+1-776-424-3879x1101
421,Stephen Love,colemandaniel@example.com,+1-776-424-3879x1101
586,Stephen Love,colemandaniel@example.com,+1-776-424-3879x1101
410,Stephen Love,colemandaniel@example.com,+1-776-424-3879x1101
24,Stephen Love,colemandaniel@example.com,+1-776-424-3879x1101
135,Stephen Love,colemandaniel@example.com,+1-776-424-3879x1101
